{
  "DefaultOCREngine": "UiPath.Core.Activities.GoogleOCR, UiPath.UiAutomation.Activities",
  "UiPath.UiAutomation.Activities.GoogleCloudOCR.ApiKey": "",
  "UiPath.UiAutomation.Activities.GoogleCloudOCR.Scale": "1",
  "UiPath.UiAutomation.Activities.GoogleCloudOCR.Language": null,
  "UiPath.UiAutomation.Activities.GoogleOCR.AllowedCharacters": "",
  "UiPath.UiAutomation.Activities.GoogleOCR.DeniedCharacters": "",
  "UiPath.UiAutomation.Activities.GoogleOCR.Invert": "False",
  "UiPath.UiAutomation.Activities.GoogleOCR.Profile": "Legacy",
  "UiPath.UiAutomation.Activities.GoogleOCR.Scale": "2",
  "UiPath.UiAutomation.Activities.GoogleOCR.Language": "eng",
  "UiPath.UiAutomation.Activities.MicrosoftOCR.Profile": "Legacy",
  "UiPath.UiAutomation.Activities.MicrosoftOCR.Scale": "1",
  "UiPath.UiAutomation.Activities.MicrosoftOCR.Language": "en",
  "UiPath.UiAutomation.Activities.MicrosoftAzureComputerVisionOCR.ApiKey": "",
  "UiPath.UiAutomation.Activities.MicrosoftAzureComputerVisionOCR.Endpoint": "",
  "UiPath.UiAutomation.Activities.MicrosoftAzureComputerVisionOCR.Scale": "1",
  "UiPath.UiAutomation.Activities.MicrosoftAzureComputerVisionOCR.Language": "AutoDetect"
}